﻿<?xml version="1.0" encoding="UTF-8" standalone="yes"?>
<addon
  id="repository.tricolour"
  name="Tricolour Kodi Add-ons"
  version="1.0.0"
  provider-name="tricolour">
  <extension point="xbmc.addon.repository"
             name="Tricolour Kodi Add-on Repository">
    <info compressed="true">https://raw.githubusercontent.com/fognl/repository.tricolour/master/addons.xml</info>
    <checksum>https://raw.githubusercontent.com/fognl/repository.tricolour/master/addons.xml.md5</checksum>
    <datadir zip="true">https://github.com/fognl/repository.tricolour/tree/master/download</datadir>
    <hashes>false</hashes>
  </extension>
  <extension point="xbmc.addon.metadata">
    <summary lang="en">Install Add-ons from Tricolour's repository</summary>
    <description lang="en">Download and install add-ons from the Tricolour kodi addon repository.</description>
    <disclaimer lang="en">This is a collection of unofficial Kodi addons for Helix.  None of these addons were 
personally created, but modified for various reasons (fixes, compatibilities, etc).</disclaimer>
    <platform>all</platform>
    <nofanart>true</nofanart>
  </extension>
</addon>
